"JLBM","SBWZ","SBLX","SBMC","DCWZ","PX"
"1","307","2","IAG","","1"
"1","105","0","5DC","1","2"
"1","103","0","3DC","1","3"
"1","109","0","9DC","1","4"
"1","115","0","15DC","1","5"
"1","117","0","17DC","1","6"
"1","123","0","23DC","1","7"
"1","301","2","IG","","8"
"2","307","2","IAG","","1"
"2","105","0","5DC","0","2"
"2","107","0","7DC","0","3"
"2","113","0","13DC","0","4"
"2","111","10","11DC","1","5"
"2","115","0","15DC","0","6"
"2","109","10","9DC","1","7"
"2","117","0","17DC","1","8"
"2","123","0","23DC","1","9"
"2","301","2","IG","","10"
"3","307","2","IAG","","1"
"3","105","0","5DC","1","2"
"3","103","0","3DC","1","3"
"3","109","0","9DC","1","4"
"3","115","0","15DC","1","5"
"3","117","0","17DC","0","6"
"3","123","11","23DC","1","7"
"3","119","0","19DC","0","8"
"3","127","0","27DC","1","9"
"3","302","2","IIG","","10"
"4","307","2","IAG","","1"
"4","105","0","5DC","0","2"
"4","107","0","7DC","0","3"
"4","113","0","13DC","0","4"
"4","111","10","11DC","1","5"
"4","115","0","15DC","0","6"
"4","109","10","9DC","1","7"
"4","117","0","17DC","0","8"
"4","123","11","23DC","1","9"
"4","119","0","19DC","0","10"
"4","127","0","27DC","1","11"
"4","302","2","IIG","","12"
"5","307","2","IAG","","1"
"5","105","0","5DC","1","2"
"5","103","0","3DC","1","3"
"5","109","0","9DC","1","4"
"5","115","0","15DC","1","5"
"5","117","0","17DC","0","6"
"5","123","11","23DC","1","7"
"5","119","0","19DC","0","8"
"5","127","0","27DC","0","9"
"5","306","2","27/29G","","10"
"5","129","0","29DC","1","11"
"5","129","13","29DC","1","12"
"5","304","2","4G","","13"
"6","307","2","IAG","","1"
"6","105","0","5DC","0","2"
"6","107","0","7DC","0","3"
"6","113","0","13DC","0","4"
"6","111","10","11DC","1","5"
"6","115","0","15DC","0","6"
"6","109","10","9DC","1","7"
"6","117","0","17DC","0","8"
"6","123","11","23DC","1","9"
"6","119","0","19DC","0","10"
"6","127","0","27DC","0","11"
"6","306","2","27/29G","","12"
"6","129","0","29DC","1","13"
"6","129","13","29DC","1","14"
"6","304","2","4G","","15"
"7","307","2","IAG","","1"
"7","105","0","5DC","1","2"
"7","103","0","3DC","1","3"
"7","109","0","9DC","1","4"
"7","115","0","15DC","1","5"
"7","117","0","17DC","1","6"
"7","123","0","23DC","0","7"
"7","125","0","25DC","0","8"
"7","303","2","IIIG","","9"
"8","307","2","IAG","","1"
"8","105","0","5DC","1","2"
"8","103","0","3DC","1","3"
"8","109","0","9DC","0","4"
"8","115","10","15DC","1","5"
"8","111","0","11DC","0","6"
"8","113","10","13DC","1","7"
"8","121","0","21DC","1","8"
"8","125","0","25DC","1","9"
"8","303","2","IIIG","","10"
"9","307","2","IAG","","1"
"9","105","0","5DC","0","2"
"9","107","0","7DC","0","3"
"9","113","0","13DC","1","4"
"9","111","0","11DC","1","5"
"9","121","0","21DC","1","6"
"9","125","0","25DC","1","7"
"9","303","2","IIIG","","8"
"10","307","2","IAG","","1"
"10","105","0","5DC","0","2"
"10","107","0","7DC","0","3"
"10","113","0","13DC","1","4"
"10","111","0","11DC","1","5"
"10","121","0","21DC","0","6"
"10","305","2","5G","","7"
"11","307","2","IAG","","1"
"11","105","0","5DC","1","2"
"11","103","0","3DC","1","3"
"11","109","0","9DC","0","4"
"11","115","10","15DC","1","5"
"11","111","0","11DC","0","6"
"11","113","10","13DC","1","7"
"11","121","0","21DC","0","8"
"11","305","2","5G","","9"
"12","123","0","23DC","1","1"
"12","117","0","17DC","1","2"
"12","115","0","15DC","1","3"
"12","109","0","9DC","1","4"
"12","103","0","3DC","1","5"
"12","105","0","5DC","1","6"
"12","307","2","IAG","","7"
"13","123","0","23DC","1","1"
"13","117","0","17DC","1","2"
"13","115","0","15DC","0","3"
"13","109","10","9DC","1","4"
"13","113","0","13DC","0","5"
"13","111","10","11DC","1","6"
"13","107","0","7DC","0","7"
"13","105","0","5DC","0","8"
"13","307","2","IAG","","9"
"14","127","0","27DC","1","1"
"14","119","0","19DC","0","2"
"14","117","0","17DC","0","3"
"14","123","11","23DC","1","4"
"14","115","0","15DC","1","5"
"14","109","0","9DC","1","6"
"14","103","0","3DC","1","7"
"14","105","0","5DC","1","8"
"14","307","2","IAG","","9"
"15","127","0","27DC","1","1"
"15","119","0","19DC","0","2"
"15","117","0","17DC","0","3"
"15","123","11","23DC","1","4"
"15","115","0","15DC","0","5"
"15","109","10","9DC","1","6"
"15","113","0","13DC","0","7"
"15","111","10","11DC","1","8"
"15","107","0","7DC","0","9"
"15","105","0","5DC","0","10"
"15","307","2","IAG","","11"
"16","127","0","27DC","0","1"
"16","119","0","19DC","0","2"
"16","117","0","17DC","0","3"
"16","123","11","23DC","1","4"
"16","115","0","15DC","1","5"
"16","109","0","9DC","1","6"
"16","103","0","3DC","1","7"
"16","105","0","5DC","1","8"
"16","307","2","IAG","","9"
"17","127","0","27DC","0","1"
"17","119","0","19DC","0","2"
"17","117","0","17DC","0","3"
"17","123","11","23DC","1","4"
"17","115","0","15DC","0","5"
"17","109","10","9DC","1","6"
"17","113","0","13DC","0","7"
"17","111","10","11DC","1","8"
"17","107","0","7DC","0","9"
"17","105","0","5DC","0","10"
"17","307","2","IAG","","11"
"18","125","0","25DC","0","1"
"18","123","0","23DC","0","2"
"18","117","0","17DC","1","3"
"18","115","0","15DC","1","4"
"18","109","0","9DC","1","5"
"18","103","0","3DC","1","6"
"18","105","0","5DC","1","7"
"18","307","2","IAG","","8"
"19","125","0","25DC","1","1"
"19","121","0","21DC","1","2"
"19","111","0","11DC","0","3"
"19","113","10","13DC","1","4"
"19","109","0","9DC","0","5"
"19","115","10","15DC","1","6"
"19","103","0","3DC","1","7"
"19","105","0","5DC","1","8"
"19","307","2","IAG","","9"
"20","125","0","25DC","1","1"
"20","121","0","21DC","1","2"
"20","111","0","11DC","1","3"
"20","113","0","13DC","1","4"
"20","107","0","7DC","0","5"
"20","105","0","5DC","0","6"
"20","307","2","IAG","","7"
"21","121","0","21DC","0","1"
"21","111","0","11DC","1","2"
"21","113","0","13DC","1","3"
"21","107","0","7DC","0","4"
"21","105","0","5DC","0","5"
"21","307","2","IAG","","6"
"22","121","0","21DC","0","1"
"22","111","0","11DC","0","2"
"22","113","10","13DC","1","3"
"22","109","0","9DC","0","4"
"22","115","10","15DC","1","5"
"22","103","0","3DC","1","6"
"22","105","0","5DC","1","7"
"22","307","2","IAG","","8"
"23","308","2","IIAG","","1"
"23","101","0","1DC","1","2"
"23","309","2","1/19G","","3"
"23","119","0","19DC","1","4"
"23","127","0","27DC","1","5"
"23","302","2","IIG","","6"
"24","308","2","IIAG","","1"
"24","101","0","1DC","0","2"
"24","103","0","3DC","0","3"
"24","109","0","9DC","1","4"
"24","115","0","15DC","1","5"
"24","117","0","17DC","0","6"
"24","123","11","23DC","1","7"
"24","119","0","19DC","0","8"
"24","127","0","27DC","1","9"
"24","302","2","IIG","","10"
"25","308","2","IIAG","","1"
"25","101","0","1DC","1","2"
"25","309","2","1/19G","","3"
"25","119","0","19DC","1","4"
"25","127","0","27DC","0","5"
"25","306","2","27/29G","","6"
"25","129","0","29DC","1","7"
"25","129","13","29DC","1","8"
"25","304","2","4G","","9"
"26","308","2","IIAG","","1"
"26","101","0","1DC","0","2"
"26","103","0","3DC","0","3"
"26","109","0","9DC","1","4"
"26","115","0","15DC","1","5"
"26","117","0","17DC","0","6"
"26","123","11","23DC","1","7"
"26","119","0","19DC","0","8"
"26","127","0","27DC","0","9"
"26","306","2","27/29G","","10"
"26","129","0","29DC","1","11"
"26","129","13","29DC","1","12"
"26","304","2","4G","","13"
"27","308","2","IIAG","","1"
"27","101","0","1DC","0","2"
"27","103","0","3DC","0","3"
"27","109","0","9DC","1","4"
"27","115","0","15DC","1","5"
"27","117","0","17DC","1","6"
"27","123","0","23DC","1","7"
"27","301","2","IG","","8"
"28","308","2","IIAG","","1"
"28","101","0","1DC","0","2"
"28","103","0","3DC","0","3"
"28","109","0","9DC","1","4"
"28","115","0","15DC","1","5"
"28","117","0","17DC","1","6"
"28","123","0","23DC","0","7"
"28","125","0","25DC","0","8"
"28","303","2","IIIG","","9"
"29","308","2","IIAG","","1"
"29","101","0","1DC","0","2"
"29","103","0","3DC","0","3"
"29","109","0","9DC","0","4"
"29","115","10","15DC","1","5"
"29","111","0","11DC","0","6"
"29","113","10","13DC","1","7"
"29","121","0","21DC","1","8"
"29","125","0","25DC","1","9"
"29","303","2","IIIG","","10"
"30","308","2","IIAG","","1"
"30","101","0","1DC","0","2"
"30","103","0","3DC","0","3"
"30","109","0","9DC","0","4"
"30","115","10","15DC","1","5"
"30","111","0","11DC","0","6"
"30","113","10","13DC","1","7"
"30","121","0","21DC","0","8"
"30","305","2","5G","","9"
"31","127","0","27DC","1","1"
"31","119","0","19DC","1","2"
"31","309","2","1/19G","","3"
"31","101","0","1DC","1","4"
"31","308","2","IIAG","","5"
"32","127","0","27DC","1","1"
"32","119","0","19DC","0","2"
"32","117","0","17DC","0","3"
"32","123","11","23DC","1","4"
"32","115","0","15DC","1","5"
"32","109","0","9DC","1","6"
"32","103","0","3DC","0","7"
"32","101","0","1DC","0","8"
"32","308","2","IIAG","","9"
"33","127","0","27DC","0","1"
"33","119","0","19DC","1","2"
"33","309","2","1/19G","","3"
"33","101","0","1DC","1","4"
"33","308","2","IIAG","","5"
"34","127","0","27DC","0","1"
"34","119","0","19DC","0","2"
"34","117","0","17DC","0","3"
"34","123","11","23DC","1","4"
"34","115","0","15DC","1","5"
"34","109","0","9DC","1","6"
"34","103","0","3DC","0","7"
"34","101","0","1DC","0","8"
"34","308","2","IIAG","","9"
"35","123","0","23DC","1","1"
"35","117","0","17DC","1","2"
"35","115","0","15DC","1","3"
"35","109","0","9DC","1","4"
"35","103","0","3DC","0","5"
"35","101","0","1DC","0","6"
"35","308","2","IIAG","","7"
"36","125","0","25DC","0","1"
"36","123","0","23DC","0","2"
"36","117","0","17DC","1","3"
"36","115","0","15DC","1","4"
"36","109","0","9DC","1","5"
"36","103","0","3DC","0","6"
"36","101","0","1DC","0","7"
"36","308","2","IIAG","","8"
"37","125","0","25DC","1","1"
"37","121","0","21DC","1","2"
"37","111","0","11DC","0","3"
"37","113","10","13DC","1","4"
"37","109","0","9DC","0","5"
"37","115","10","15DC","1","6"
"37","103","0","3DC","0","7"
"37","101","0","1DC","0","8"
"37","308","2","IIAG","","9"
"38","121","0","21DC","0","1"
"38","111","0","11DC","0","2"
"38","113","10","13DC","1","3"
"38","109","0","9DC","0","4"
"38","115","10","15DC","1","5"
"38","103","0","3DC","0","6"
"38","101","0","1DC","0","7"
"38","308","2","IIAG","","8"
"39","107","0","7DC","1","1"
"39","113","0","13DC","0","2"
"39","111","10","11DC","1","3"
"39","115","0","15DC","0","4"
"39","109","10","9DC","1","5"
"39","117","0","17DC","0","6"
"39","123","11","23DC","1","7"
"39","119","0","19DC","0","8"
"39","127","0","27DC","1","9"
"39","302","2","IIG","","10"
"40","107","0","7DC","1","1"
"40","113","0","13DC","0","2"
"40","111","10","11DC","1","3"
"40","115","0","15DC","0","4"
"40","109","10","9DC","1","5"
"40","117","0","17DC","0","6"
"40","123","11","23DC","1","7"
"40","119","0","19DC","0","8"
"40","127","0","27DC","0","9"
"40","306","2","27/29G","","10"
"40","129","0","29DC","1","11"
"40","129","13","29DC","1","12"
"40","304","2","4G","","13"
"41","107","0","7DC","1","1"
"41","113","0","13DC","0","2"
"41","111","10","11DC","1","3"
"41","115","0","15DC","0","4"
"41","109","10","9DC","1","5"
"41","117","0","17DC","1","6"
"41","123","0","23DC","1","7"
"41","301","2","IG","","8"
"42","107","0","7DC","1","1"
"42","113","0","13DC","1","2"
"42","111","0","11DC","1","3"
"42","121","0","21DC","1","4"
"42","125","0","25DC","1","5"
"42","303","2","IIIG","","6"
"43","107","0","7DC","1","1"
"43","113","0","13DC","0","2"
"43","111","10","11DC","1","3"
"43","115","0","15DC","0","4"
"43","109","10","9DC","1","5"
"43","117","0","17DC","1","6"
"43","123","0","23DC","0","7"
"43","125","0","25DC","0","8"
"43","303","2","IIIG","","9"
"44","107","0","7DC","1","1"
"44","113","0","13DC","1","2"
"44","111","0","11DC","1","3"
"44","121","0","21DC","0","4"
"44","305","2","5G","","5"
"45","127","0","27DC","1","1"
"45","119","0","19DC","0","2"
"45","117","0","17DC","0","3"
"45","123","11","23DC","1","4"
"45","115","0","15DC","0","5"
"45","109","10","9DC","1","6"
"45","113","0","13DC","0","7"
"45","111","10","11DC","1","8"
"45","107","0","7DC","1","9"
"46","127","0","27DC","0","1"
"46","119","0","19DC","0","2"
"46","117","0","17DC","0","3"
"46","123","11","23DC","1","4"
"46","115","0","15DC","0","5"
"46","109","10","9DC","1","6"
"46","113","0","13DC","0","7"
"46","111","10","11DC","1","8"
"46","107","0","7DC","1","9"
"47","123","0","23DC","1","1"
"47","117","0","17DC","1","2"
"47","115","0","15DC","0","3"
"47","109","10","9DC","1","4"
"47","113","0","13DC","0","5"
"47","111","10","11DC","1","6"
"47","107","0","7DC","1","7"
"48","125","0","25DC","1","1"
"48","121","0","21DC","1","2"
"48","111","0","11DC","1","3"
"48","113","0","13DC","1","4"
"48","107","0","7DC","1","5"
"49","125","0","25DC","0","1"
"49","123","0","23DC","0","2"
"49","117","0","17DC","1","3"
"49","115","0","15DC","0","4"
"49","109","10","9DC","1","5"
"49","113","0","13DC","0","6"
"49","111","10","11DC","1","7"
"49","107","0","7DC","1","8"
"50","121","0","21DC","0","1"
"50","111","0","11DC","1","2"
"50","113","0","13DC","1","3"
"50","107","0","7DC","1","4"
"51","104","0","4DC","1","1"
"51","106","0","6DC","1","2"
"51","112","0","12DC","1","3"
"51","116","0","16DC","1","4"
"51","118","11","18DC","1","5"
"51","301","2","IG","","6"
"52","104","0","4DC","1","1"
"52","106","0","6DC","0","2"
"52","112","10","12DC","1","3"
"52","108","0","8DC","0","4"
"52","110","10","10DC","1","5"
"52","114","0","14DC","1","6"
"52","302","2","IIG","","7"
"53","104","0","4DC","1","1"
"53","106","0","6DC","1","2"
"53","112","0","12DC","1","3"
"53","116","0","16DC","0","4"
"53","118","0","18DC","1","5"
"53","303","2","IIIG","","6"
"54","104","0","4DC","1","1"
"54","106","0","6DC","0","2"
"54","112","10","12DC","1","3"
"54","108","0","8DC","0","4"
"54","110","10","10DC","1","5"
"54","114","0","14DC","0","6"
"54","304","2","4G","","7"
"54","129","0","29DC","1","8"
"54","129","13","29DC","1","9"
"54","306","2","27/29G","","10"
"55","104","0","4DC","1","1"
"55","106","0","6DC","1","2"
"55","112","0","12DC","1","3"
"55","116","0","16DC","0","4"
"55","118","0","18DC","0","5"
"55","120","0","20DC","0","6"
"55","122","0","22DC","1","7"
"55","305","2","5G","","8"
"56","116","0","16DC","1","1"
"56","118","11","18DC","1","2"
"56","112","0","12DC","1","3"
"56","106","0","6DC","1","4"
"56","104","0","4DC","1","5"
"57","114","0","14DC","1","1"
"57","108","0","8DC","0","2"
"57","110","10","10DC","1","3"
"57","106","0","6DC","0","4"
"57","112","10","12DC","1","5"
"57","104","0","4DC","1","6"
"58","118","0","18DC","1","1"
"58","116","0","16DC","0","2"
"58","112","0","12DC","1","3"
"58","106","0","6DC","1","4"
"58","104","0","4DC","1","5"
"59","114","0","14DC","0","1"
"59","129","12","29DC","1","2"
"59","108","0","8DC","0","3"
"59","110","10","10DC","1","4"
"59","106","0","6DC","0","5"
"59","112","10","12DC","1","6"
"59","104","0","4DC","1","7"
"60","122","0","22DC","1","1"
"60","120","0","20DC","0","2"
"60","118","0","18DC","0","3"
"60","116","0","16DC","0","4"
"60","112","0","12DC","1","5"
"60","106","0","6DC","1","6"
"60","104","0","4DC","1","7"
"61","313","2","IIBG","","1"
"61","110","0","10DC","0","2"
"61","108","10","8DC","1","3"
"61","112","0","12DC","0","4"
"61","106","10","6DC","1","5"
"61","116","0","16DC","1","6"
"61","118","11","18DC","1","7"
"61","301","2","IG","","8"
"62","313","2","IIBG","","1"
"62","110","0","10DC","1","2"
"62","108","0","8DC","1","3"
"62","114","0","14DC","1","4"
"62","302","2","IIG","","5"
"63","313","2","IIBG","","1"
"63","110","0","10DC","0","2"
"63","108","10","8DC","1","3"
"63","112","0","12DC","0","4"
"63","106","10","6DC","1","5"
"63","116","0","16DC","0","6"
"63","118","0","18DC","1","7"
"63","303","2","IIIG","","8"
"64","313","2","IIBG","","1"
"64","110","0","10DC","1","2"
"64","108","0","8DC","1","3"
"64","114","0","14DC","0","4"
"64","304","2","4G","","5"
"64","129","0","29DC","1","6"
"64","129","13","29DC","1","7"
"64","306","2","27/29G","","8"
"65","313","2","IIBG","","1"
"65","110","0","10DC","0","2"
"65","108","10","8DC","1","3"
"65","112","0","12DC","0","4"
"65","106","10","6DC","1","5"
"65","116","0","16DC","0","6"
"65","118","0","18DC","0","7"
"65","120","0","20DC","0","8"
"65","122","0","22DC","1","9"
"65","305","2","5G","","10"
"66","116","0","16DC","1","1"
"66","118","11","18DC","1","2"
"66","112","0","12DC","0","3"
"66","106","10","6DC","1","4"
"66","110","0","10DC","0","5"
"66","108","10","8DC","1","6"
"66","313","2","IIBG","","7"
"67","114","0","14DC","1","1"
"67","108","0","8DC","1","2"
"67","110","0","10DC","1","3"
"67","313","2","IIBG","","4"
"68","118","0","18DC","1","1"
"68","116","0","16DC","0","2"
"68","112","0","12DC","0","3"
"68","106","10","6DC","1","4"
"68","110","0","10DC","0","5"
"68","108","10","8DC","1","6"
"68","313","2","IIBG","","7"
"69","114","0","14DC","0","1"
"69","129","12","29DC","1","2"
"69","108","0","8DC","1","3"
"69","110","0","10DC","1","4"
"69","313","2","IIBG","","5"
"70","122","0","22DC","1","1"
"70","120","0","20DC","0","2"
"70","118","0","18DC","0","3"
"70","116","0","16DC","0","4"
"70","112","0","12DC","0","5"
"70","106","10","6DC","1","6"
"70","110","0","10DC","0","7"
"70","108","10","8DC","1","8"
"70","313","2","IIBG","","9"
"101","101","0","1DC","1","1"
"101","309","8","1/19G","","2"
"102","101","0","1DC","0","1"
"102","103","0","3DC","0","2"
"103","105","0","5DC","1","1"
"103","103","0","3DC","1","2"
"104","105","0","5DC","0","1"
"104","107","0","7DC","0","2"
"105","101","0","1DC","1","1"
"105","308","8","IIAG","","2"
"106","103","0","3DC","1","1"
"106","105","0","5DC","1","2"
"106","307","8","IAG","","3"
"107","103","0","3DC","0","1"
"107","101","0","1DC","0","2"
"107","308","8","IIAG","","3"
"108","109","0","9DC","1","1"
"108","115","0","15DC","1","2"
"109","109","0","9DC","0","1"
"109","115","10","15DC","1","2"
"109","111","0","11DC","0","3"
"109","113","10","13DC","1","4"
"109","121","0","21DC","1","5"
"109","125","0","25DC","1","6"
"109","303","8","IIIG","","7"
"110","109","0","9DC","0","1"
"110","115","10","15DC","1","2"
"110","111","0","11DC","0","3"
"110","113","10","13DC","1","4"
"110","121","0","21DC","0","5"
"110","305","8","5G","","6"
"111","113","0","13DC","1","1"
"111","111","0","11DC","1","2"
"111","121","0","21DC","1","3"
"111","125","0","25DC","1","4"
"111","303","8","IIIG","","5"
"112","113","0","13DC","1","1"
"112","111","0","11DC","1","2"
"112","121","0","21DC","0","3"
"112","305","8","5G","","4"
"113","113","0","13DC","0","1"
"113","111","10","11DC","1","2"
"113","115","0","15DC","0","3"
"113","109","10","9DC","1","4"
"114","117","0","17DC","1","1"
"114","123","0","23DC","1","2"
"114","301","8","IG","","3"
"115","117","0","17DC","1","1"
"115","123","0","23DC","0","2"
"115","125","0","25DC","0","3"
"115","303","8","IIIG","","4"
"116","117","0","17DC","0","1"
"116","123","11","23DC","1","2"
"116","119","0","19DC","0","3"
"116","127","0","27DC","1","4"
"116","302","8","IIG","","5"
"117","117","0","17DC","0","1"
"117","123","11","23DC","1","2"
"117","119","0","19DC","0","3"
"117","127","0","27DC","0","4"
"117","306","8","27/29G","","5"
"118","119","0","19DC","1","1"
"118","127","0","27DC","1","2"
"118","302","8","IIG","","3"
"119","119","0","19DC","1","1"
"119","127","0","27DC","0","2"
"119","306","8","27/29G","","3"
"120","129","0","29DC","1","1"
"120","304","8","4G","","2"
"121","129","0","29DC","0","1"
"121","310","8","D21G","","2"
"122","129","0","29DC","1","1"
"122","306","8","27/29G","","2"
"123","129","0","29DC","0","1"
"123","306","8","27/29G","","2"
"124","102","0","2DC","1","1"
"124","312","8","2/20G","","2"
"125","102","0","2DC","0","1"
"125","104","0","4DC","0","2"
"126","110","0","10DC","0","1"
"126","108","10","8DC","1","2"
"126","112","0","12DC","0","3"
"126","106","10","6DC","1","4"
"127","110","0","10DC","1","1"
"127","108","0","8DC","1","2"
"127","114","0","14DC","1","3"
"127","302","8","IIG","","4"
"128","110","0","10DC","1","1"
"128","108","0","8DC","1","2"
"128","114","0","14DC","0","3"
"128","304","8","4G","","4"
"129","102","0","2DC","1","1"
"129","314","8","D2G","","2"
"130","106","0","6DC","1","1"
"130","112","0","12DC","1","2"
"131","106","0","6DC","0","1"
"131","112","10","12DC","1","2"
"131","108","0","8DC","0","3"
"131","110","10","10DC","1","4"
"131","114","0","14DC","1","5"
"131","302","8","IIG","","6"
"132","106","0","6DC","0","1"
"132","112","10","12DC","1","2"
"132","108","0","8DC","0","3"
"132","110","10","10DC","1","4"
"132","114","0","14DC","0","5"
"132","304","8","4G","","6"
"133","112","0","12DC","1","1"
"133","106","0","6DC","1","2"
"133","104","0","4DC","1","3"
"134","112","0","12DC","1","1"
"134","106","0","6DC","1","2"
"134","104","0","4DC","0","3"
"134","102","0","2DC","0","4"
"134","314","8","D2G","","5"
"135","112","0","12DC","0","1"
"135","106","10","6DC","1","2"
"135","110","0","10DC","0","3"
"135","108","10","8DC","1","4"
"135","313","8","IIBG","","5"
"136","116","0","16DC","1","1"
"136","118","11","18DC","1","2"
"136","301","8","IG","","3"
"137","116","0","16DC","0","1"
"137","118","0","18DC","1","2"
"137","303","8","IIIG","","3"
"138","116","0","16DC","0","1"
"138","118","0","18DC","0","2"
"138","120","0","20DC","0","3"
"139","120","0","20DC","1","1"
"140","122","0","22DC","1","1"
"140","305","8","5G","","2"
"141","122","0","22DC","0","1"
"141","311","8","D18G","","2"
"142","122","0","22DC","0","1"
"142","120","0","20DC","1","2"
"142","312","8","2/20G","","3"
"143","122","0","22DC","0","1"
"143","120","0","20DC","0","2"
"143","118","0","18DC","0","3"
"143","116","0","16DC","0","4"
"144","123","0","23DC","1","1"
"144","117","0","17DC","1","2"
"144","115","0","15DC","1","3"
"144","109","0","9DC","1","4"
"145","123","0","23DC","1","1"
"145","117","0","17DC","1","2"
"145","115","0","15DC","0","3"
"145","109","10","9DC","1","4"
"145","113","0","13DC","0","5"
"145","111","10","11DC","1","6"
"145","107","0","7DC","1","7"
"146","123","0","23DC","1","1"
"146","117","0","17DC","1","2"
"146","115","0","15DC","0","3"
"146","109","10","9DC","1","4"
"146","113","0","13DC","0","5"
"146","111","10","11DC","1","6"
"146","107","0","7DC","0","7"
"146","105","0","5DC","0","8"
"146","307","8","IAG","","9"
"147","125","0","25DC","1","1"
"147","121","0","21DC","1","2"
"147","111","0","11DC","1","3"
"147","113","0","13DC","1","4"
"147","107","0","7DC","1","5"
"148","125","0","25DC","0","1"
"148","123","0","23DC","0","2"
"148","117","0","17DC","1","3"
"148","115","0","15DC","0","4"
"148","109","10","9DC","1","5"
"148","113","0","13DC","0","6"
"148","111","10","11DC","1","7"
"148","107","0","7DC","1","8"
"149","125","0","25DC","1","1"
"149","121","0","21DC","1","2"
"149","111","0","11DC","1","3"
"149","113","0","13DC","1","4"
"149","107","0","7DC","0","5"
"149","105","0","5DC","0","6"
"149","307","8","IAG","","7"
"150","125","0","25DC","0","1"
"150","123","0","23DC","0","2"
"150","117","0","17DC","1","3"
"150","115","0","15DC","1","4"
"150","109","0","9DC","1","5"
"151","125","0","25DC","1","1"
"151","121","0","21DC","1","2"
"151","111","0","11DC","0","3"
"151","113","10","13DC","1","4"
"151","109","0","9DC","0","5"
"151","115","10","15DC","1","6"
"152","121","0","21DC","0","1"
"152","111","0","11DC","1","2"
"152","113","0","13DC","1","3"
"152","107","0","7DC","1","4"
"153","121","0","21DC","0","1"
"153","111","0","11DC","1","2"
"153","113","0","13DC","1","3"
"153","107","0","7DC","0","4"
"153","105","0","5DC","0","5"
"153","307","8","IAG","","6"
"154","121","0","21DC","0","1"
"154","111","0","11DC","0","2"
"154","113","10","13DC","1","3"
"154","109","0","9DC","0","4"
"154","115","10","15DC","1","5"
"155","127","0","27DC","1","1"
"155","119","0","19DC","1","2"
"155","309","8","1/19G","","3"
"156","127","0","27DC","1","1"
"156","119","0","19DC","0","2"
"156","117","0","17DC","0","3"
"156","123","11","23DC","1","4"
"156","115","0","15DC","1","5"
"156","109","0","9DC","1","6"
"157","127","0","27DC","1","1"
"157","119","0","19DC","0","2"
"157","117","0","17DC","0","3"
"157","123","11","23DC","1","4"
"157","115","0","15DC","0","5"
"157","109","10","9DC","1","6"
"157","113","0","13DC","0","7"
"157","111","10","11DC","1","8"
"157","107","0","7DC","1","9"
"158","127","0","27DC","1","1"
"158","119","0","19DC","0","2"
"158","117","0","17DC","0","3"
"158","123","11","23DC","1","4"
"158","115","0","15DC","0","5"
"158","109","10","9DC","1","6"
"158","113","0","13DC","0","7"
"158","111","10","11DC","1","8"
"158","107","0","7DC","0","9"
"158","105","0","5DC","0","10"
"158","307","8","IAG","","11"
"159","127","0","27DC","0","1"
"159","119","0","19DC","1","2"
"159","309","8","1/19G","","3"
"160","127","0","27DC","0","1"
"160","119","0","19DC","0","2"
"160","117","0","17DC","0","3"
"160","123","11","23DC","1","4"
"160","115","0","15DC","1","5"
"160","109","0","9DC","1","6"
"161","127","0","27DC","0","1"
"161","119","0","19DC","0","2"
"161","117","0","17DC","0","3"
"161","123","11","23DC","1","4"
"161","115","0","15DC","0","5"
"161","109","10","9DC","1","6"
"161","113","0","13DC","0","7"
"161","111","10","11DC","1","8"
"161","107","0","7DC","1","9"
"162","127","0","27DC","0","1"
"162","119","0","19DC","0","2"
"162","117","0","17DC","0","3"
"162","123","11","23DC","1","4"
"162","115","0","15DC","0","5"
"162","109","10","9DC","1","6"
"162","113","0","13DC","0","7"
"162","111","10","11DC","1","8"
"162","107","0","7DC","0","9"
"162","105","0","5DC","0","10"
"162","307","8","IAG","","11"
"163","116","0","16DC","1","1"
"163","118","11","18DC","1","2"
"164","118","0","18DC","1","1"
"164","116","0","16DC","0","2"
"165","122","0","22DC","1","1"
"165","120","0","20DC","1","2"
"165","312","8","2/20G","","3"
"166","122","0","22DC","1","1"
"166","120","0","20DC","0","2"
"166","118","0","18DC","0","3"
"166","116","0","16DC","0","4"
"167","114","0","14DC","1","1"
"167","108","0","8DC","1","2"
"167","110","0","10DC","1","3"
"167","313","8","IIBG","","4"
"168","114","0","14DC","1","1"
"168","108","0","8DC","0","2"
"168","110","10","10DC","1","3"
"168","106","0","6DC","0","4"
"168","112","10","12DC","1","5"
"168","104","0","4DC","1","6"
"169","114","0","14DC","1","1"
"169","108","0","8DC","0","2"
"169","110","10","10DC","1","3"
"169","106","0","6DC","0","4"
"169","112","10","12DC","1","5"
"169","104","0","4DC","0","6"
"169","102","0","2DC","0","7"
"169","314","8","D2G","","8"
"170","114","0","14DC","0","1"
"170","108","0","8DC","1","2"
"170","110","0","10DC","1","3"
"170","313","8","IIBG","","4"
"171","114","0","14DC","0","1"
"171","108","0","8DC","0","2"
"171","110","10","10DC","1","3"
"171","106","0","6DC","0","4"
"171","112","10","12DC","1","5"
"171","104","0","4DC","1","6"
"172","114","0","14DC","0","1"
"172","108","0","8DC","0","2"
"172","110","10","10DC","1","3"
"172","106","0","6DC","0","4"
"172","112","10","12DC","1","5"
"172","104","0","4DC","0","6"
"172","102","0","2DC","0","7"
"172","314","8","D2G","","8"
"198","1","","","","1"
"198","56","","","","2"
"199","62","","","","1"
"199","31","","","","2"
"200","101","","","","1"
"200","118","","","","2"
"201","101","","","","1"
"201","119","","","","2"
"202","102","","","","1"
"202","108","","","","2"
"203","102","","","","1"
"203","108","","","","2"
"203","114","","","","3"
"204","102","","","","1"
"204","108","","","","2"
"204","115","","","","3"
"205","102","","","","1"
"205","108","","","","2"
"205","116","","","","3"
"206","102","","","","1"
"206","108","","","","2"
"206","117","","","","3"
"207","102","","","","1"
"207","109","","","","2"
"208","102","","","","1"
"208","110","","","","2"
"209","103","","","","1"
"209","108","","","","2"
"210","103","","","","1"
"210","108","","","","2"
"210","114","","","","3"
"211","103","","","","1"
"211","108","","","","2"
"211","115","","","","3"
"212","103","","","","1"
"212","108","","","","2"
"212","116","","","","3"
"213","103","","","","1"
"213","108","","","","2"
"213","117","","","","3"
"214","103","","","","1"
"214","109","","","","2"
"215","103","","","","1"
"215","110","","","","2"
"216","104","","","","1"
"216","111","","","","2"
"217","104","","","","1"
"217","112","","","","2"
"218","104","","","","1"
"218","113","","","","2"
"219","104","","","","1"
"219","113","","","","2"
"219","114","","","","3"
"220","104","","","","1"
"220","113","","","","2"
"220","115","","","","3"
"221","104","","","","1"
"221","113","","","","2"
"221","116","","","","3"
"222","104","","","","1"
"222","113","","","","2"
"222","117","","","","3"
"223","108","","","","1"
"223","114","","","","2"
"224","108","","","","1"
"224","115","","","","2"
"225","108","","","","1"
"225","116","","","","2"
"226","108","","","","1"
"226","117","","","","2"
"227","113","","","","1"
"227","114","","","","2"
"228","113","","","","1"
"228","115","","","","2"
"229","113","","","","1"
"229","116","","","","2"
"230","113","","","","1"
"230","117","","","","2"
"231","124","","","","1"
"231","139","","","","2"
"232","124","","","","1"
"232","139","","","","2"
"232","140","","","","3"
"233","124","","","","1"
"233","139","","","","2"
"233","141","","","","3"
"234","125","","","","1"
"234","130","","","","2"
"235","125","","","","1"
"235","130","","","","2"
"235","136","","","","3"
"236","125","","","","1"
"236","130","","","","2"
"236","137","","","","3"
"237","125","","","","1"
"237","130","","","","2"
"237","138","","","","3"
"238","125","","","","1"
"238","130","","","","2"
"238","138","","","","3"
"238","140","","","","4"
"239","125","","","","1"
"239","130","","","","2"
"239","138","","","","3"
"239","141","","","","4"
"240","125","","","","1"
"240","131","","","","2"
"241","125","","","","1"
"241","132","","","","2"
"242","126","","","","1"
"242","136","","","","2"
"243","126","","","","1"
"243","137","","","","2"
"244","126","","","","1"
"244","138","","","","2"
"245","126","","","","1"
"245","138","","","","2"
"245","140","","","","3"
"246","126","","","","1"
"246","138","","","","2"
"246","141","","","","3"
"247","130","","","","1"
"247","136","","","","2"
"248","130","","","","1"
"248","137","","","","2"
"249","130","","","","1"
"249","138","","","","2"
"250","130","","","","1"
"250","138","","","","2"
"250","140","","","","3"
"251","130","","","","1"
"251","138","","","","2"
"251","141","","","","3"
"252","138","","","","1"
"252","140","","","","2"
"253","138","","","","1"
"253","141","","","","2"
"254","139","","","","1"
"254","140","","","","2"
"255","139","","","","1"
"255","141","","","","2"
"256","142","","","","1"
"256","129","","","","2"
"257","143","","","","1"
"257","133","","","","2"
"258","143","","","","1"
"258","134","","","","2"
"259","143","","","","1"
"259","135","","","","2"
"260","144","","","","1"
"260","106","","","","2"
"261","144","","","","1"
"261","107","","","","2"
"262","150","","","","1"
"262","106","","","","2"
"263","150","","","","1"
"263","107","","","","2"
"264","151","","","","1"
"264","106","","","","2"
"265","151","","","","1"
"265","107","","","","2"
"266","154","","","","1"
"266","106","","","","2"
"267","154","","","","1"
"267","107","","","","2"
"268","155","","","","1"
"268","105","","","","2"
"269","156","","","","1"
"269","106","","","","2"
"270","156","","","","1"
"270","107","","","","2"
"271","159","","","","1"
"271","105","","","","2"
"272","160","","","","1"
"272","106","","","","2"
"273","160","","","","1"
"273","107","","","","2"
"274","163","","","","1"
"274","133","","","","2"
"275","163","","","","1"
"275","134","","","","2"
"276","163","","","","1"
"276","135","","","","2"
"277","164","","","","1"
"277","133","","","","2"
"278","164","","","","1"
"278","134","","","","2"
"279","164","","","","1"
"279","135","","","","2"
"280","165","","","","1"
"280","129","","","","2"
"281","166","","","","1"
"281","133","","","","2"
"282","166","","","","1"
"282","134","","","","2"
"283","166","","","","1"
"283","135","","","","2"
