"JLBM","JLMC","JLLX","SDAN","ZDAN","BGAN","MainDC","XHXS","3JJQD","2JJQD","1JJQD","1LQQD","2LQQD","3LQQD"
"1","X-SI","0","261","281","-1","105","U","341","342","343","301","",""
"2","X-D11-SI","0","261","281","211","(105)","UU","341","342","343","301","",""
"3","X-SII","0","261","282","-1","105","UU","341","342","343","302","",""
"4","X-D11-SII","0","261","282","211","(105)","UU","341","342","343","302","",""
"5","X-S4","0","261","284","-1","105","UU","341","342","343","306","",""
"6","X-D11-S4","0","261","284","211","(105)","UU","341","342","343","306","",""
"7","X-SIII","0","261","283","-1","(123)","UU","341","342","343","303","",""
"8","X-BA-SIII","0","261","283","225","(109)","UU","341","342","343","303","",""
"9","X-D11-SIII","0","261","283","211","(105)","UU","341","342","343","303","",""
"10","X-S5","0","261","285","-1","(105)","UU","341","342","343","305","",""
"11","X-D9-S5","0","261","285","209","(109)","UU","341","342","343","305","",""
"12","SI-X","0","281","261","-1","105","L","301","","","341","342","343"
"13","SI-D11-X","0","281","261","211","(105)","L","301","","","341","342","343"
"14","SII-X","0","282","261","-1","105","L","302","","","341","342","343"
"15","SII-D11-X","0","282","261","211","(105)","L","302","","","341","342","343"
"16","S4-X","0","284","261","-1","105","L","306","","","341","342","343"
"17","S4-D11-X","0","284","261","211","(105)","L","306","","","341","342","343"
"18","SIII-X","0","283","261","-1","(123)","L","303","","","341","342","343"
"19","SIII-BA-X","0","283","261","225","(109)","L","303","","","341","342","343"
"20","SIII-D11-X","0","283","261","211","(105)","L","303","","","341","342","343"
"21","S5-X","0","285","261","-1","(105)","L","305","","","341","342","343"
"22","S5-D7-X","0","285","261","207","(109)","L","305","","","341","342","343"
"23","XF-SII","0","262","282","-1","101","U","351","352","353","302","",""
"24","XF-D13-SII","0","262","282","213","(101)","UU","351","352","353","302","",""
"25","XF-S4","0","262","284","-1","101","UU","351","352","353","306","",""
"26","XF-D13-S4","0","262","284","213","(101)","UU","351","352","353","306","",""
"27","XF-SI","0","262","281","-1","","UU","351","352","353","301","",""
"28","XF-SIII","0","262","283","-1","109","UU","351","352","353","303","",""
"29","XF-BA-SIII","0","262","283","225","(109)","UU","351","352","353","303","",""
"30","XF-S5","0","262","285","-1","","UU","351","352","353","305","",""
"31","SII-XF","0","282","262","-1","101","L-LU-U","302","","","351","352","353"
"32","SII-D13-XF","0","282","262","213","(101)","L-LU-U","302","","","351","352","353"
"33","S4-XF","0","284","262","-1","101","L-LU-U","306","","","351","352","353"
"34","S4-D13-XF","0","284","262","213","(101)","L-LU-U","306","","","351","352","353"
"35","SI-XF","0","281","262","-1","","L-LU-U","301","","","351","352","353"
"36","SIII-XF","0","283","262","-1","109","L-LU-U","303","","","351","352","353"
"37","SIII-BA-XF","0","283","262","225","(109)","L-LU-U","303","","","351","352","353"
"38","S5-XF","0","285","262","-1","","L-LU-U","305","","","351","352","353"
"39","XD-SII","0","265","282","-1","","UU","381","","","302","",""
"40","XD-S4","0","265","284","-1","","UU","381","","","306","",""
"41","XD-SI","0","265","281","-1","","UU","381","","","301","",""
"42","XD-SIII","0","265","283","-1","113","U","381","","","303","",""
"43","XD-D13-SIII","0","265","283","213","(113)","UU","381","","","303","",""
"44","XD-S5","0","265","285","-1","113","UU","381","","","305","",""
"45","SII-XD","0","282","265","-1","","L","302","","","381","",""
"46","S4-XD","0","284","265","-1","","L","306","","","381","",""
"47","SI-XD","0","281","265","-1","","L","301","","","381","",""
"48","SIII-XD","0","283","265","-1","113","L","303","","","381","",""
"49","SIII-D13-XD","0","283","265","213","(113)","L","303","","","381","",""
"50","S5-XD","0","285","265","-1","113","L","305","","","381","",""
"51","SF-XI","0","263","291","-1","","U","361","362","363","301","",""
"52","SF-XII","0","263","292","-1","","UU","361","362","363","302","",""
"53","SF-XIII","0","263","293","-1","","UU","361","362","363","303","",""
"54","SF-X4","0","263","294","-1","","UU","361","362","363","304","",""
"55","SF-X5","0","263","295","-1","","UU","361","362","363","305","",""
"56","XI-SF","0","291","263","-1","","L-LU-U","301","","","361","362","363"
"57","XII-SF","0","292","263","-1","","L-LU-U","302","","","361","362","363"
"58","XIII-SF","0","293","263","-1","","L-LU-U","303","","","361","362","363"
"59","X4-SF","0","294","263","-1","","L-LU-U","304","","","361","362","363"
"60","X5-SF","0","295","263","-1","","L-LU-U","305","","","361","362","363"
"61","S-XI","0","264","291","-1","","UU","371","372","373","301","",""
"62","S-XII","0","264","292","-1","","U","371","372","373","302","",""
"63","S-XIII","0","264","293","-1","","UU","371","372","373","303","",""
"64","S-X4","0","264","294","-1","","UU","371","372","373","304","",""
"65","S-X5","0","264","295","-1","","UU","371","372","373","305","",""
"66","XI-S","0","291","264","-1","","L","301","","","371","372","373"
"67","XII-S","0","292","264","-1","","L","302","","","371","372","373"
"68","XIII-S","0","293","264","-1","","L","303","","","371","372","373"
"69","X4-S","0","294","264","-1","","L","304","","","371","372","373"
"70","X5-S","0","295","264","-1","","L","305","","","371","372","373"
"101","D1-D5","1","201","205","-1","","B","308","","","309","",""
"102","D1-D7","1","201","207","-1","","B","308","","","109","",""
"103","D3-D7","1","203","207","-1","","B","307","","","109","",""
"104","D3-D11","1","203","211","-1","","B","307","","","113","",""
"105","D5-D1","1","205","201","-1","","B","309","","","308","",""
"106","D7-D3","1","207","203","-1","","B","109","","","307","",""
"107","D7-D1","1","207","201","-1","","B","109","","","308","",""
"108","D9-D13","1","209","213","-1","","B","103","","","117","",""
"109","D9-BA-SIII","1","209","283","225","(109)","B","103","","","303","",""
"110","D9-S5","1","209","285","-1","","B","103","","","305","",""
"111","D11-SIII","1","211","283","-1","","B","107","","","303","",""
"112","D11-S5","1","211","285","-1","","B","107","","","305","",""
"113","D11-D13","1","211","213","-1","","B","107","","","117","",""
"114","D13-SI","1","213","281","-1","","B","115","","","301","",""
"115","D13-SIII","1","213","283","-1","","B","115","","","303","",""
"116","D13-SII","1","213","282","-1","","B","115","","","302","",""
"117","D13-S4","1","213","284","-1","","B","115","","","306","",""
"118","D15-SII","1","215","282","-1","","B","309","","","302","",""
"119","D15-S4","1","215","284","-1","","B","309","","","306","",""
"120","D17-D19","1","217","219","-1","","B","306","","","304","",""
"121","D17-D21","1","217","221","-1","","B","306","","","310","",""
"122","D19-D17","1","219","217","-1","","B","304","","","306","",""
"123","D21-D17","1","221","217","-1","","B","310","","","306","",""
"124","D2-D6","1","202","206","-1","","B","314","","","312","",""
"125","D2-D8","1","202","208","-1","","B","314","","","106","",""
"126","D4-D10","1","204","210","-1","","B","313","","","116","",""
"127","D4-XII","1","204","292","-1","","B","313","","","302","",""
"128","D4-X4","1","204","294","-1","","B","313","","","304","",""
"129","D6-D2","1","206","202","-1","","B","312","","","314","",""
"130","D8-D10","1","208","210","-1","","B","104","","","116","",""
"131","D8-XII","1","208","292","-1","","B","104","","","302","",""
"132","D8-X4","1","208","294","-1","","B","104","","","304","",""
"133","D10-SF","1","210","263","-1","","B","116","","","361","362","363"
"134","D10-D2","1","210","202","-1","","B","116","","","314","",""
"135","D10-D4","1","210","204","-1","","B","116","","","313","",""
"136","D12-XI","1","212","291","-1","","B","112","","","301","",""
"137","D12-XIII","1","212","293","-1","","B","112","","","303","",""
"138","D12-D16","1","212","216","-1","","B","112","","","122","",""
"139","D14-D16","1","214","216","-1","","B","312","","","122","",""
"140","D16-X5","1","216","295","-1","","B","120","","","305","",""
"141","D16-D18","1","216","218","-1","","B","120","","","311","",""
"142","D18-D14","1","218","214","-1","","B","311","","","312","",""
"143","D18-D12","1","218","212","-1","","B","311","","","112","",""
"144","SI-D9","1","281","209","-1","","B","301","","","103","",""
"145","SI-XD","1","281","265","-1","","B","301","","","381","",""
"146","SI-D11-D3","1","281","203","211","(115)","B","301","","","307","",""
"147","SIII-XD","1","283","265","-1","125","B","303","","","381","",""
"148","SIII-D13-XD","1","283","265","213","(125)","B","303","","","381","",""
"149","SIII-D11-D3","1","283","203","211","111","B","303","","","307","",""
"150","SIII-D9","1","283","209","-1","(125)","B","303","","","103","",""
"151","SIII-BA-D9","1","283","209","225","125","B","303","","","103","",""
"152","S5-XD","1","285","265","-1","","B","305","","","381","",""
"153","S5-D3","1","285","203","-1","111","B","305","","","307","",""
"154","S5-D9","1","285","209","-1","","B","305","","","103","",""
"155","SII-D15","1","282","215","-1","","B","302","","","309","",""
"156","SII-D9","1","282","209","-1","","B","302","","","103","",""
"157","SII-XD","1","282","265","-1","","B","302","","","381","",""
"158","SII-D11-D3","1","282","203","211","(115)","B","302","","","307","",""
"159","S4-D15","1","284","215","-1","","B","306","","","309","",""
"160","S4-D9","1","284","209","-1","","B","306","","","103","",""
"161","S4-XD","1","284","265","-1","","B","306","","","381","",""
"162","S4-D11-D3","1","284","203","211","(115)","B","306","","","307","",""
"163","XI-D12","1","291","212","-1","","B","301","","","112","",""
"164","XIII-D12","1","293","212","-1","","B","303","","","112","",""
"165","X5-D14","1","295","214","-1","","B","305","","","312","",""
"166","X5-D12","1","295","212","-1","","B","305","","","112","",""
"167","XII-D4","1","292","204","-1","","B","302","","","313","",""
"168","XII-SF","1","292","263","-1","","B","302","","","361","362","363"
"169","XII-D2","1","292","202","-1","","B","302","","","314","",""
"170","X4-D4","1","294","204","-1","","B","304","","","313","",""
"171","X4-SF","1","294","263","-1","","B","304","","","361","362","363"
"172","X4-D2","1","294","202","-1","","B","304","","","314","",""
"198","","5","261","263","-1","","B","","","","","",""
"199","","5","264","262","-1","","B","","","","","",""
"200","D1-SII","2","201","282","-1","101,119,127","B","","","","","",""
"201","D1-S4","2","201","284","-1","101,119,(127)","B","","","","","",""
"202","D1-D13","2","201","213","-1","(101),(103),109,115","B","","","","","",""
"203","D1-SI","2","201","281","-1","(101),(103),109,115,117,123","B","","","","","",""
"204","D1-SIII","2","201","283","-1","(101),(103),109,115,117,(123),(125)","B","","","","","",""
"205","D1-SII","2","201","282","209","(101),(103),109,115,(117),(119),127","B","","","","","",""
"206","D1-S4","2","201","284","209","(101),(103),109,115,(117),(119),(127)","B","","","","","",""
"207","D1-SIII","2","201","283","225","(101),(103),(109),(111),121,125","B","","","","","",""
"208","D1-S5","2","201","285","-1","(101),(103),(109),(111),(121)","B","","","","","",""
"209","D3-D13","2","203","213","-1","105,103,109,115","B","","","","","",""
"210","D3-SI","2","203","281","-1","105,103,109,115,117,123","B","","","","","",""
"211","D3-SIII","2","203","283","209","105,103,109,115,117,(123),(125)","B","","","","","",""
"212","D3-SII","2","203","282","-1","105,103,109,115,(117),(119),127","B","","","","","",""
"213","D3-S4","2","203","284","-1","105,103,109,115,(117),(119),(127)","B","","","","","",""
"214","D3-SIII","2","203","283","225","105,103,(109),(111),121,125","B","","","","","",""
"215","D3-S5","2","203","285","209","105,103,(109),(111),(121)","B","","","","","",""
"216","D3-SIII","2","203","283","-1","(105),(107),113,111,121,125","B","","","","","",""
"217","D3-S5","2","203","285","-1","(105),(107),113,111,(121)","B","","","","","",""
"218","D3-D13","2","203","213","-2","(105),(107),(113),(115)","B","","","","","",""
"219","D3-SI","2","203","281","-2","(105),(107),(113),(115),117,123","B","","","","","",""
"220","D3-SIII","2","203","283","-2","(105),(107),(113),(115),117,(123),(125)","B","","","","","",""
"221","D3-SII","2","203","282","-2","(105),(107),(113),(115),(117),(119),127","B","","","","","",""
"222","D3-S4","2","203","284","-2","(105),(107),(113),(115),(117),(119),(127)","B","","","","","",""
"223","D9-SI","2","209","281","-1","109,115,117,123","B","","","","","",""
"224","D9-SIII","2","209","283","-1","109,115,117,(123),(125)","B","","","","","",""
"225","D9-SII","2","209","282","-1","109,115,(117),(119),127","B","","","","","",""
"226","D9-S4","2","209","284","-1","109,115,(117),(119),(127)","B","","","","","",""
"227","D11-SI","2","211","281","-1","(113),(115),117,123","B","","","","","",""
"228","D11-SIII","2","211","283","-2","(113),(115),117,(123),(125)","B","","","","","",""
"229","D11-SII","2","211","282","-1","(113),(115),(117),(119),127","B","","","","","",""
"230","D11-S4","2","211","284","-1","(113),(115),(117),(119),(127)","B","","","","","",""
"231","D2-D16","2","202","216","-1","102,120","B","","","","","",""
"232","D2-X5","2","202","295","-1","102,120,122","B","","","","","",""
"233","D2-D18","2","202","218","-1","102,120,(122)","B","","","","","",""
"234","D2-D10","2","202","210","-1","(102),(104),106,112","B","","","","","",""
"235","D2-XI","2","202","291","-1","(102),(104),106,112,116","B","","","","","",""
"236","D2-XIII","2","202","293","-1","(102),(104),106,112,(116),118","B","","","","","",""
"237","D2-D16","2","202","216","212","(102),(104),106,112,(116),(118),(120)","B","","","","","",""
"238","D2-X5","2","202","295","212","(102),(104),106,112,(116),(118),(120),122","B","","","","","",""
"239","D2-D18","2","202","218","212","(102),(104),106,112,(116),(118),(120),(122)","B","","","","","",""
"240","D2-XII","2","202","292","-1","(102),(104),(106),(108),114","B","","","","","",""
"241","D2-X4","2","202","294","-1","(102),(104),(106),(108),(114)","B","","","","","",""
"242","D4-XI","2","204","291","-1","(110),(112),116","B","","","","","",""
"243","D4-XIII","2","204","293","-1","(110),(112),(116),118","B","","","","","",""
"244","D4-D16","2","204","216","-1","(110),(112),(116),(118),(120)","B","","","","","",""
"245","D4-X5","2","204","295","-1","(110),(112),(116),(118),(120),122","B","","","","","",""
"246","D4-D18","2","204","218","-1","(110),(112),(116),(118),(120),(122)","B","","","","","",""
"247","D8-XI","2","208","291","-1","106,112,116","B","","","","","",""
"248","D8-XIII","2","208","293","-1","106,112,(116),118","B","","","","","",""
"249","D8-D16","2","208","216","-1","106,112,(116),(118),(120)","B","","","","","",""
"250","D8-X5","2","208","295","-1","106,112,(116),(118),(120),122","B","","","","","",""
"251","D8-D18","2","208","218","-1","106,112,(116),(118),(120),(122)","B","","","","","",""
"252","D12-X5","2","212","295","-1","(116),(118),(120),122","B","","","","","",""
"253","D12-D18","2","212","218","-1","(116),(118),(120),(122)","B","","","","","",""
"254","D14-X5","2","214","295","-1","120,122","B","","","","","",""
"255","D14-D18","2","214","218","-1","120,(122)","B","","","","","",""
"256","D18-D2","2","218","202","-1","(122),120,102","B","","","","","",""
"257","D18-SF","2","218","263","-1","(122),(120),(118),(116),112,106,104","B","","","","","",""
"258","D18-D2","2","218","202","210","(122),(120),(118),(116),112,106,(104),(102)","B","","","","","",""
"259","D18-D4","2","218","204","-1","(122),(120),(118),(116),(112),(110)","B","","","","","",""
"260","SI-D3","2","281","203","-1","123,117,115,109,103,105","B","","","","","",""
"261","SI-D1","2","281","201","-1","123,117,115,109,(103),(101)","B","","","","","",""
"262","SIII-D3","2","283","203","-1","(125),(123),117,115,109,103,105","B","","","","","",""
"263","SIII-D1","2","283","201","-1","(125),(123),117,115,109,(103),(101)","B","","","","","",""
"264","SIII-D3","2","283","203","225","125,121,(111),(109),103,105","B","","","","","",""
"265","SIII-D1","2","283","201","225","125,121,(111),(109),(103),(101)","B","","","","","",""
"266","S5-D3","2","285","203","207","(121),(111),(109),103,105","B","","","","","",""
"267","S5-D1","2","285","201","-1","(121),(111),(109),(103),(101)","B","","","","","",""
"268","SII-D1","2","282","201","-1","127,119,101","B","","","","","",""
"269","SII-D3","2","282","203","-1","127,(119),(117),115,109,103,105","B","","","","","",""
"270","SII-D1","2","282","201","213","127,(119),(117),115,109,(103),(101)","B","","","","","",""
"271","S4-D1","2","284","201","-1","(127),119,101","B","","","","","",""
"272","S4-D3","2","284","203","-1","(127),(119),(117),115,109,103,105","B","","","","","",""
"273","S4-D1","2","284","201","213","(127),(119),(117),115,109,(103),(101)","B","","","","","",""
"274","XI-SF","2","291","263","-1","116,112,106,104","B","","","","","",""
"275","XI-D2","2","291","202","-1","116,112,106,(104),(102)","B","","","","","",""
"276","XI-D4","2","291","204","-1","116,(112),(110)","B","","","","","",""
"277","XIII-SF","2","293","263","-1","118,(116),112,106,104","B","","","","","",""
"278","XIII-D2","2","293","202","-1","118,(116),112,106,(104),(102)","B","","","","","",""
"279","XIII-D4","2","293","204","-1","118,(116),(112),(110)","B","","","","","",""
"280","X5-D2","2","295","202","-1","122,120,102","B","","","","","",""
"281","X5-SF","2","295","263","-1","122,(120),(118),(116),112,106,104","B","","","","","",""
"282","X5-D2","2","295","202","210","122,(120),(118),(116),112,106,(104),(102)","B","","","","","",""
"283","X5-D4","2","295","204","-1","122,(120),(118),(116),(112),(110)","B","","","","","",""
