"Index","YH","Name"
"0","100","教学站"
"1","100","教学站"
"2","100","教学站"
"3","100","教学站"
"4","100","教学站"
"5","100","教学站"
"6","100","教学站"
"7","100","教学站"
"8","100","教学站"
"9","100","教学站"
"10","100","教学站"
"11","100","教学站"
"12","100","教学站"
"13","100","教学站"
"14","100","教学站"
"15","100","教学站"
"16","100","教学站"
"17","100","教学站"
"18","100","教学站"
"19","100","教学站"
"20","100","教学站"
"21","100","教学站"
"22","100","教学站"
"23","100","教学站"
"24","100","教学站"
"25","100","教学站"
"26","100","教学站"
"27","100","教学站"
"28","100","教学站"
"29","100","教学站"
